-- phpMyAdmin SQL Dump
-- version 4.8.3
-- https://www.phpmyadmin.net/
--
-- Host: 127.0.0.1
-- Generation Time: Feb 24, 2019 at 05:01 PM
-- Server version: 10.1.37-MariaDB
-- PHP Version: 7.2.12

SET SQL_MODE = "NO_AUTO_VALUE_ON_ZERO";
SET AUTOCOMMIT = 0;
START TRANSACTION;
SET time_zone = "+00:00";


/*!40101 SET @OLD_CHARACTER_SET_CLIENT=@@CHARACTER_SET_CLIENT */;
/*!40101 SET @OLD_CHARACTER_SET_RESULTS=@@CHARACTER_SET_RESULTS */;
/*!40101 SET @OLD_COLLATION_CONNECTION=@@COLLATION_CONNECTION */;
/*!40101 SET NAMES utf8mb4 */;

--
-- Database: `invenitri_database`
--

-- --------------------------------------------------------

--
-- Table structure for table `groups`
--

CREATE TABLE `groups` (
  `id` mediumint(8) UNSIGNED NOT NULL,
  `name` varchar(20) NOT NULL,
  `description` varchar(100) NOT NULL
) ENGINE=InnoDB DEFAULT CHARSET=utf8;

--
-- Dumping data for table `groups`
--

INSERT INTO `groups` (`id`, `name`, `description`) VALUES
(1, 'admin', 'Administrator'),
(2, 'members', 'General User');

-- --------------------------------------------------------

--
-- Table structure for table `invenitri_session`
--

CREATE TABLE `invenitri_session` (
  `id` varchar(40) NOT NULL,
  `ip_address` varchar(45) NOT NULL,
  `timestamp` int(10) UNSIGNED NOT NULL DEFAULT '0',
  `data` blob NOT NULL
) ENGINE=MyISAM DEFAULT CHARSET=latin1;

--
-- Dumping data for table `invenitri_session`
--

INSERT INTO `invenitri_session` (`id`, `ip_address`, `timestamp`, `data`) VALUES
('ia4u1dt0tqor5hs3i327q2ndm24uarut', '::1', 1551023535, 0x5f5f63695f6c6173745f726567656e65726174657c693a313535313032333531343b6964656e746974797c733a31333a2261646d696e6973747261746f72223b757365726e616d657c733a31333a2261646d696e6973747261746f72223b656d61696c7c733a31353a2261646d696e4061646d696e2e636f6d223b757365725f69647c733a313a2231223b6f6c645f6c6173745f6c6f67696e7c733a31303a2231353530393238383739223b6c6173745f636865636b7c693a313535313031373137393b),
('4ahcd3kts3aua9a9mg6mcacnj4g270u6', '::1', 1551023514, 0x5f5f63695f6c6173745f726567656e65726174657c693a313535313032333531343b6964656e746974797c733a31333a2261646d696e6973747261746f72223b757365726e616d657c733a31333a2261646d696e6973747261746f72223b656d61696c7c733a31353a2261646d696e4061646d696e2e636f6d223b757365725f69647c733a313a2231223b6f6c645f6c6173745f6c6f67696e7c733a31303a2231353530393238383739223b6c6173745f636865636b7c693a313535313031373137393b),
('lvg6inivsjsoft3ok700ha7fr136mkuu', '::1', 1551023194, 0x5f5f63695f6c6173745f726567656e65726174657c693a313535313032333139343b6964656e746974797c733a31333a2261646d696e6973747261746f72223b757365726e616d657c733a31333a2261646d696e6973747261746f72223b656d61696c7c733a31353a2261646d696e4061646d696e2e636f6d223b757365725f69647c733a313a2231223b6f6c645f6c6173745f6c6f67696e7c733a31303a2231353530393238383739223b6c6173745f636865636b7c693a313535313031373137393b),
('nmvrnhrp5inltrcgm35egs2r4bcrfa69', '::1', 1551022819, 0x5f5f63695f6c6173745f726567656e65726174657c693a313535313032323831393b6964656e746974797c733a31333a2261646d696e6973747261746f72223b757365726e616d657c733a31333a2261646d696e6973747261746f72223b656d61696c7c733a31353a2261646d696e4061646d696e2e636f6d223b757365725f69647c733a313a2231223b6f6c645f6c6173745f6c6f67696e7c733a31303a2231353530393238383739223b6c6173745f636865636b7c693a313535313031373137393b),
('donn6ijvq15laa401r0ju408v18lrkci', '::1', 1551022466, 0x5f5f63695f6c6173745f726567656e65726174657c693a313535313032323436363b6964656e746974797c733a31333a2261646d696e6973747261746f72223b757365726e616d657c733a31333a2261646d696e6973747261746f72223b656d61696c7c733a31353a2261646d696e4061646d696e2e636f6d223b757365725f69647c733a313a2231223b6f6c645f6c6173745f6c6f67696e7c733a31303a2231353530393238383739223b6c6173745f636865636b7c693a313535313031373137393b73756b7365737c733a32353a22426572686173696c204d656e616d6261686b616e2044617461223b5f5f63695f766172737c613a313a7b733a363a2273756b736573223b733a333a226f6c64223b7d),
('bm4i6m4uhpia6hush6npvbcnp7jbr93m', '::1', 1551022164, 0x5f5f63695f6c6173745f726567656e65726174657c693a313535313032323136343b6964656e746974797c733a31333a2261646d696e6973747261746f72223b757365726e616d657c733a31333a2261646d696e6973747261746f72223b656d61696c7c733a31353a2261646d696e4061646d696e2e636f6d223b757365725f69647c733a313a2231223b6f6c645f6c6173745f6c6f67696e7c733a31303a2231353530393238383739223b6c6173745f636865636b7c693a313535313031373137393b73756b7365737c733a32353a22426572686173696c204d656e616d6261686b616e2044617461223b5f5f63695f766172737c613a313a7b733a363a2273756b736573223b733a333a226e6577223b7d),
('pel3tclh49grgmksps2dogopksr595io', '::1', 1551021273, 0x5f5f63695f6c6173745f726567656e65726174657c693a313535313032313237333b6964656e746974797c733a31333a2261646d696e6973747261746f72223b757365726e616d657c733a31333a2261646d696e6973747261746f72223b656d61696c7c733a31353a2261646d696e4061646d696e2e636f6d223b757365725f69647c733a313a2231223b6f6c645f6c6173745f6c6f67696e7c733a31303a2231353530393238383739223b6c6173745f636865636b7c693a313535313031373137393b),
('cmhd5reegrni9brq8ctv0b1lto9tdoqd', '::1', 1551021599, 0x5f5f63695f6c6173745f726567656e65726174657c693a313535313032313539393b6964656e746974797c733a31333a2261646d696e6973747261746f72223b757365726e616d657c733a31333a2261646d696e6973747261746f72223b656d61696c7c733a31353a2261646d696e4061646d696e2e636f6d223b757365725f69647c733a313a2231223b6f6c645f6c6173745f6c6f67696e7c733a31303a2231353530393238383739223b6c6173745f636865636b7c693a313535313031373137393b73756b7365737c733a32353a22426572686173696c204d656e616d6261686b616e2044617461223b5f5f63695f766172737c613a313a7b733a363a2273756b736573223b733a333a226f6c64223b7d),
('8ndfj069750dhsfiktueqlhr5btcprov', '::1', 1551020407, 0x5f5f63695f6c6173745f726567656e65726174657c693a313535313032303430373b6964656e746974797c733a31333a2261646d696e6973747261746f72223b757365726e616d657c733a31333a2261646d696e6973747261746f72223b656d61696c7c733a31353a2261646d696e4061646d696e2e636f6d223b757365725f69647c733a313a2231223b6f6c645f6c6173745f6c6f67696e7c733a31303a2231353530393238383739223b6c6173745f636865636b7c693a313535313031373137393b),
('2rl7h5dbin9ncd8ljcvcb9ji92ph9cki', '::1', 1551020818, 0x5f5f63695f6c6173745f726567656e65726174657c693a313535313032303831383b6964656e746974797c733a31333a2261646d696e6973747261746f72223b757365726e616d657c733a31333a2261646d696e6973747261746f72223b656d61696c7c733a31353a2261646d696e4061646d696e2e636f6d223b757365725f69647c733a313a2231223b6f6c645f6c6173745f6c6f67696e7c733a31303a2231353530393238383739223b6c6173745f636865636b7c693a313535313031373137393b),
('6r88ct7eifsttrjdpk4g69594hi8rin4', '::1', 1551020043, 0x5f5f63695f6c6173745f726567656e65726174657c693a313535313032303034333b6964656e746974797c733a31333a2261646d696e6973747261746f72223b757365726e616d657c733a31333a2261646d696e6973747261746f72223b656d61696c7c733a31353a2261646d696e4061646d696e2e636f6d223b757365725f69647c733a313a2231223b6f6c645f6c6173745f6c6f67696e7c733a31303a2231353530393238383739223b6c6173745f636865636b7c693a313535313031373137393b5f5f63695f766172737c613a313a7b733a373a226d657373616765223b733a333a226f6c64223b7d6d6573736167657c733a3136383a223c64697620636c6173733d22616c65727420616c6572742d696e666f223e3c627574746f6e20747970653d22627574746f6e2220636c6173733d22636c6f73652220646174612d6469736d6973733d22616c6572742220617269612d68696464656e3d2274727565223e2674696d65733b3c2f627574746f6e3e4163636f756e7420496e666f726d6174696f6e205375636365737366756c6c7920557064617465643c2f6469763e223b),
('clap8jk0c8dt8adhedem7bjsbcnir006', '::1', 1551019739, 0x5f5f63695f6c6173745f726567656e65726174657c693a313535313031393733393b6964656e746974797c733a31333a2261646d696e6973747261746f72223b757365726e616d657c733a31333a2261646d696e6973747261746f72223b656d61696c7c733a31353a2261646d696e4061646d696e2e636f6d223b757365725f69647c733a313a2231223b6f6c645f6c6173745f6c6f67696e7c733a31303a2231353530393238383739223b6c6173745f636865636b7c693a313535313031373137393b),
('jiv4tejotbco1c3meevjv2c72t1mha4g', '::1', 1551018677, 0x5f5f63695f6c6173745f726567656e65726174657c693a313535313031383637373b6964656e746974797c733a31333a2261646d696e6973747261746f72223b757365726e616d657c733a31333a2261646d696e6973747261746f72223b656d61696c7c733a31353a2261646d696e4061646d696e2e636f6d223b757365725f69647c733a313a2231223b6f6c645f6c6173745f6c6f67696e7c733a31303a2231353530393238383739223b6c6173745f636865636b7c693a313535313031373137393b),
('1gk4ft0bbkgfbp91rb43cbigecp271to', '::1', 1551019430, 0x5f5f63695f6c6173745f726567656e65726174657c693a313535313031393433303b6964656e746974797c733a31333a2261646d696e6973747261746f72223b757365726e616d657c733a31333a2261646d696e6973747261746f72223b656d61696c7c733a31353a2261646d696e4061646d696e2e636f6d223b757365725f69647c733a313a2231223b6f6c645f6c6173745f6c6f67696e7c733a31303a2231353530393238383739223b6c6173745f636865636b7c693a313535313031373137393b),
('sen1fap5us31ulo2doq974fvbc1it2f1', '::1', 1551018032, 0x5f5f63695f6c6173745f726567656e65726174657c693a313535313031383033323b6964656e746974797c733a31333a2261646d696e6973747261746f72223b757365726e616d657c733a31333a2261646d696e6973747261746f72223b656d61696c7c733a31353a2261646d696e4061646d696e2e636f6d223b757365725f69647c733a313a2231223b6f6c645f6c6173745f6c6f67696e7c733a31303a2231353530393238383739223b6c6173745f636865636b7c693a313535313031373137393b),
('0f8ntoj5e9jeooruseakloo9lqj2kuf5', '::1', 1551018348, 0x5f5f63695f6c6173745f726567656e65726174657c693a313535313031383334383b6964656e746974797c733a31333a2261646d696e6973747261746f72223b757365726e616d657c733a31333a2261646d696e6973747261746f72223b656d61696c7c733a31353a2261646d696e4061646d696e2e636f6d223b757365725f69647c733a313a2231223b6f6c645f6c6173745f6c6f67696e7c733a31303a2231353530393238383739223b6c6173745f636865636b7c693a313535313031373137393b),
('jn0f2qv4qj7hplq3mofj8rui7u5o4r8r', '::1', 1551017481, 0x5f5f63695f6c6173745f726567656e65726174657c693a313535313031373438313b6964656e746974797c733a31333a2261646d696e6973747261746f72223b757365726e616d657c733a31333a2261646d696e6973747261746f72223b656d61696c7c733a31353a2261646d696e4061646d696e2e636f6d223b757365725f69647c733a313a2231223b6f6c645f6c6173745f6c6f67696e7c733a31303a2231353530393238383739223b6c6173745f636865636b7c693a313535313031373137393b),
('vrha15makmh65ukvrvku5t0covapstrt', '::1', 1550941697, 0x5f5f63695f6c6173745f726567656e65726174657c693a313535303934313630303b6964656e746974797c733a31333a2261646d696e6973747261746f72223b757365726e616d657c733a31333a2261646d696e6973747261746f72223b656d61696c7c733a31353a2261646d696e4061646d696e2e636f6d223b757365725f69647c733a313a2231223b6f6c645f6c6173745f6c6f67696e7c733a31303a2231353530383836363833223b6c6173745f636865636b7c693a313535303932383837393b),
('8o7qi7t2t7p6tdv34dbcqdi8e81kfejb', '::1', 1550941600, 0x5f5f63695f6c6173745f726567656e65726174657c693a313535303934313630303b6964656e746974797c733a31333a2261646d696e6973747261746f72223b757365726e616d657c733a31333a2261646d696e6973747261746f72223b656d61696c7c733a31353a2261646d696e4061646d696e2e636f6d223b757365725f69647c733a313a2231223b6f6c645f6c6173745f6c6f67696e7c733a31303a2231353530383836363833223b6c6173745f636865636b7c693a313535303932383837393b),
('ravqk1vh16090jg9efegs6avkj8hvjp6', '::1', 1550941061, 0x5f5f63695f6c6173745f726567656e65726174657c693a313535303934313036313b6964656e746974797c733a31333a2261646d696e6973747261746f72223b757365726e616d657c733a31333a2261646d696e6973747261746f72223b656d61696c7c733a31353a2261646d696e4061646d696e2e636f6d223b757365725f69647c733a313a2231223b6f6c645f6c6173745f6c6f67696e7c733a31303a2231353530383836363833223b6c6173745f636865636b7c693a313535303932383837393b),
('c787qtbhs78gd2rva3tgssb681o72qi1', '::1', 1550940560, 0x5f5f63695f6c6173745f726567656e65726174657c693a313535303934303536303b6964656e746974797c733a31333a2261646d696e6973747261746f72223b757365726e616d657c733a31333a2261646d696e6973747261746f72223b656d61696c7c733a31353a2261646d696e4061646d696e2e636f6d223b757365725f69647c733a313a2231223b6f6c645f6c6173745f6c6f67696e7c733a31303a2231353530383836363833223b6c6173745f636865636b7c693a313535303932383837393b),
('59dpcou9q5obak8c3hou1ovssr8hcktr', '::1', 1550940119, 0x5f5f63695f6c6173745f726567656e65726174657c693a313535303934303131393b6964656e746974797c733a31333a2261646d696e6973747261746f72223b757365726e616d657c733a31333a2261646d696e6973747261746f72223b656d61696c7c733a31353a2261646d696e4061646d696e2e636f6d223b757365725f69647c733a313a2231223b6f6c645f6c6173745f6c6f67696e7c733a31303a2231353530383836363833223b6c6173745f636865636b7c693a313535303932383837393b73756b7365737c733a32353a22426572686173696c204d656e616d6261686b616e2044617461223b5f5f63695f766172737c613a313a7b733a363a2273756b736573223b733a333a226f6c64223b7d),
('no1jcraav2ush6s25g90c3cngm20tgbc', '::1', 1550939791, 0x5f5f63695f6c6173745f726567656e65726174657c693a313535303933393739313b6964656e746974797c733a31333a2261646d696e6973747261746f72223b757365726e616d657c733a31333a2261646d696e6973747261746f72223b656d61696c7c733a31353a2261646d696e4061646d696e2e636f6d223b757365725f69647c733a313a2231223b6f6c645f6c6173745f6c6f67696e7c733a31303a2231353530383836363833223b6c6173745f636865636b7c693a313535303932383837393b),
('cnb1nvpgr6b8u92omuba4pjcqhclghcb', '::1', 1550939463, 0x5f5f63695f6c6173745f726567656e65726174657c693a313535303933393436333b6964656e746974797c733a31333a2261646d696e6973747261746f72223b757365726e616d657c733a31333a2261646d696e6973747261746f72223b656d61696c7c733a31353a2261646d696e4061646d696e2e636f6d223b757365725f69647c733a313a2231223b6f6c645f6c6173745f6c6f67696e7c733a31303a2231353530383836363833223b6c6173745f636865636b7c693a313535303932383837393b73756b7365737c733a32323a22426572686173696c204d656e67756261682044617461223b5f5f63695f766172737c613a313a7b733a363a2273756b736573223b733a333a226f6c64223b7d),
('uoir21c7sprup9n13k6kjrku8lg86vdc', '::1', 1550938757, 0x5f5f63695f6c6173745f726567656e65726174657c693a313535303933383735373b6964656e746974797c733a31333a2261646d696e6973747261746f72223b757365726e616d657c733a31333a2261646d696e6973747261746f72223b656d61696c7c733a31353a2261646d696e4061646d696e2e636f6d223b757365725f69647c733a313a2231223b6f6c645f6c6173745f6c6f67696e7c733a31303a2231353530383836363833223b6c6173745f636865636b7c693a313535303932383837393b),
('h8dgc58bf48304ecfdoq057n584ofh7g', '::1', 1550938333, 0x5f5f63695f6c6173745f726567656e65726174657c693a313535303933383333333b6964656e746974797c733a31333a2261646d696e6973747261746f72223b757365726e616d657c733a31333a2261646d696e6973747261746f72223b656d61696c7c733a31353a2261646d696e4061646d696e2e636f6d223b757365725f69647c733a313a2231223b6f6c645f6c6173745f6c6f67696e7c733a31303a2231353530383836363833223b6c6173745f636865636b7c693a313535303932383837393b),
('hc6fpgh7fkdmu79rt4lddlp47h0gp3i1', '::1', 1550937987, 0x5f5f63695f6c6173745f726567656e65726174657c693a313535303933373938373b6964656e746974797c733a31333a2261646d696e6973747261746f72223b757365726e616d657c733a31333a2261646d696e6973747261746f72223b656d61696c7c733a31353a2261646d696e4061646d696e2e636f6d223b757365725f69647c733a313a2231223b6f6c645f6c6173745f6c6f67696e7c733a31303a2231353530383836363833223b6c6173745f636865636b7c693a313535303932383837393b),
('hrlmckem4lmenfs88k0pm6cuim00d661', '::1', 1550937679, 0x5f5f63695f6c6173745f726567656e65726174657c693a313535303933373637393b6964656e746974797c733a31333a2261646d696e6973747261746f72223b757365726e616d657c733a31333a2261646d696e6973747261746f72223b656d61696c7c733a31353a2261646d696e4061646d696e2e636f6d223b757365725f69647c733a313a2231223b6f6c645f6c6173745f6c6f67696e7c733a31303a2231353530383836363833223b6c6173745f636865636b7c693a313535303932383837393b),
('uhuksqccdetsmijh4qdehicir95o36v0', '::1', 1550937287, 0x5f5f63695f6c6173745f726567656e65726174657c693a313535303933373238373b6964656e746974797c733a31333a2261646d696e6973747261746f72223b757365726e616d657c733a31333a2261646d696e6973747261746f72223b656d61696c7c733a31353a2261646d696e4061646d696e2e636f6d223b757365725f69647c733a313a2231223b6f6c645f6c6173745f6c6f67696e7c733a31303a2231353530383836363833223b6c6173745f636865636b7c693a313535303932383837393b),
('1viuvqvkbibdtb367uhptae9qp6fgrbr', '::1', 1550936500, 0x5f5f63695f6c6173745f726567656e65726174657c693a313535303933363530303b6964656e746974797c733a31333a2261646d696e6973747261746f72223b757365726e616d657c733a31333a2261646d696e6973747261746f72223b656d61696c7c733a31353a2261646d696e4061646d696e2e636f6d223b757365725f69647c733a313a2231223b6f6c645f6c6173745f6c6f67696e7c733a31303a2231353530383836363833223b6c6173745f636865636b7c693a313535303932383837393b),
('onpogpbkn3ap2p8c2adck313ri3gvk4o', '::1', 1550936827, 0x5f5f63695f6c6173745f726567656e65726174657c693a313535303933363832373b6964656e746974797c733a31333a2261646d696e6973747261746f72223b757365726e616d657c733a31333a2261646d696e6973747261746f72223b656d61696c7c733a31353a2261646d696e4061646d696e2e636f6d223b757365725f69647c733a313a2231223b6f6c645f6c6173745f6c6f67696e7c733a31303a2231353530383836363833223b6c6173745f636865636b7c693a313535303932383837393b),
('1ct8quck2jgho0rpv17r1d1hl9dhl6g8', '::1', 1550935906, 0x5f5f63695f6c6173745f726567656e65726174657c693a313535303933353930363b6964656e746974797c733a31333a2261646d696e6973747261746f72223b757365726e616d657c733a31333a2261646d696e6973747261746f72223b656d61696c7c733a31353a2261646d696e4061646d696e2e636f6d223b757365725f69647c733a313a2231223b6f6c645f6c6173745f6c6f67696e7c733a31303a2231353530383836363833223b6c6173745f636865636b7c693a313535303932383837393b),
('5pc5787sg00enjdv9u4hl3tfg5lea3i7', '::1', 1550935456, 0x5f5f63695f6c6173745f726567656e65726174657c693a313535303933353435363b6964656e746974797c733a31333a2261646d696e6973747261746f72223b757365726e616d657c733a31333a2261646d696e6973747261746f72223b656d61696c7c733a31353a2261646d696e4061646d696e2e636f6d223b757365725f69647c733a313a2231223b6f6c645f6c6173745f6c6f67696e7c733a31303a2231353530383836363833223b6c6173745f636865636b7c693a313535303932383837393b),
('mif9lnj20qhi0dm3ak78dtf8hri44p9m', '::1', 1550935012, 0x5f5f63695f6c6173745f726567656e65726174657c693a313535303933353031323b6964656e746974797c733a31333a2261646d696e6973747261746f72223b757365726e616d657c733a31333a2261646d696e6973747261746f72223b656d61696c7c733a31353a2261646d696e4061646d696e2e636f6d223b757365725f69647c733a313a2231223b6f6c645f6c6173745f6c6f67696e7c733a31303a2231353530383836363833223b6c6173745f636865636b7c693a313535303932383837393b),
('r98glpami3f1ndvqeco2v31r9sd9o0go', '::1', 1550934569, 0x5f5f63695f6c6173745f726567656e65726174657c693a313535303933343536393b6964656e746974797c733a31333a2261646d696e6973747261746f72223b757365726e616d657c733a31333a2261646d696e6973747261746f72223b656d61696c7c733a31353a2261646d696e4061646d696e2e636f6d223b757365725f69647c733a313a2231223b6f6c645f6c6173745f6c6f67696e7c733a31303a2231353530383836363833223b6c6173745f636865636b7c693a313535303932383837393b),
('iai51rv4d8ur69nnqvg0gegr0mq4sfe4', '::1', 1550934055, 0x5f5f63695f6c6173745f726567656e65726174657c693a313535303933343035353b6964656e746974797c733a31333a2261646d696e6973747261746f72223b757365726e616d657c733a31333a2261646d696e6973747261746f72223b656d61696c7c733a31353a2261646d696e4061646d696e2e636f6d223b757365725f69647c733a313a2231223b6f6c645f6c6173745f6c6f67696e7c733a31303a2231353530383836363833223b6c6173745f636865636b7c693a313535303932383837393b),
('9vdevef6t54kubvu0rqpa61atbjr19g2', '::1', 1550933735, 0x5f5f63695f6c6173745f726567656e65726174657c693a313535303933333733353b6964656e746974797c733a31333a2261646d696e6973747261746f72223b757365726e616d657c733a31333a2261646d696e6973747261746f72223b656d61696c7c733a31353a2261646d696e4061646d696e2e636f6d223b757365725f69647c733a313a2231223b6f6c645f6c6173745f6c6f67696e7c733a31303a2231353530383836363833223b6c6173745f636865636b7c693a313535303932383837393b),
('7damc11qo10h5i446ms52dooljmq4jpa', '::1', 1550932687, 0x5f5f63695f6c6173745f726567656e65726174657c693a313535303933323638373b6964656e746974797c733a31333a2261646d696e6973747261746f72223b757365726e616d657c733a31333a2261646d696e6973747261746f72223b656d61696c7c733a31353a2261646d696e4061646d696e2e636f6d223b757365725f69647c733a313a2231223b6f6c645f6c6173745f6c6f67696e7c733a31303a2231353530383836363833223b6c6173745f636865636b7c693a313535303932383837393b),
('5vuvlkb91uu5tc7ngm5lf4c4vmmrlks5', '::1', 1550933430, 0x5f5f63695f6c6173745f726567656e65726174657c693a313535303933333433303b6964656e746974797c733a31333a2261646d696e6973747261746f72223b757365726e616d657c733a31333a2261646d696e6973747261746f72223b656d61696c7c733a31353a2261646d696e4061646d696e2e636f6d223b757365725f69647c733a313a2231223b6f6c645f6c6173745f6c6f67696e7c733a31303a2231353530383836363833223b6c6173745f636865636b7c693a313535303932383837393b),
('lgvdbsjskr97f8ivseaifhcigigcjet3', '::1', 1550929338, 0x5f5f63695f6c6173745f726567656e65726174657c693a313535303932393333383b6964656e746974797c733a31333a2261646d696e6973747261746f72223b757365726e616d657c733a31333a2261646d696e6973747261746f72223b656d61696c7c733a31353a2261646d696e4061646d696e2e636f6d223b757365725f69647c733a313a2231223b6f6c645f6c6173745f6c6f67696e7c733a31303a2231353530383836363833223b6c6173745f636865636b7c693a313535303932383837393b6d6573736167657c733a3135303a223c64697620636c6173733d22616c65727420616c6572742d696e666f223e3c627574746f6e20747970653d22627574746f6e2220636c6173733d22636c6f73652220646174612d6469736d6973733d22616c6572742220617269612d68696464656e3d2274727565223e2674696d65733b3c2f627574746f6e3e4c6f6767656420496e205375636365737366756c6c793c2f6469763e223b5f5f63695f766172737c613a313a7b733a373a226d657373616765223b733a333a226f6c64223b7d),
('igt8ks3d6cqudicjcqj83ijm1su8cl6q', '::1', 1550930122, 0x5f5f63695f6c6173745f726567656e65726174657c693a313535303933303132323b6964656e746974797c733a31333a2261646d696e6973747261746f72223b757365726e616d657c733a31333a2261646d696e6973747261746f72223b656d61696c7c733a31353a2261646d696e4061646d696e2e636f6d223b757365725f69647c733a313a2231223b6f6c645f6c6173745f6c6f67696e7c733a31303a2231353530383836363833223b6c6173745f636865636b7c693a313535303932383837393b),
('mo5i2d39ic6e21mn7c2e6qfidot7nea7', '::1', 1550930441, 0x5f5f63695f6c6173745f726567656e65726174657c693a313535303933303434313b6964656e746974797c733a31333a2261646d696e6973747261746f72223b757365726e616d657c733a31333a2261646d696e6973747261746f72223b656d61696c7c733a31353a2261646d696e4061646d696e2e636f6d223b757365725f69647c733a313a2231223b6f6c645f6c6173745f6c6f67696e7c733a31303a2231353530383836363833223b6c6173745f636865636b7c693a313535303932383837393b),
('1qaar837v2sqo3d30ru70mh1ts5s4qrr', '::1', 1550930751, 0x5f5f63695f6c6173745f726567656e65726174657c693a313535303933303735313b6964656e746974797c733a31333a2261646d696e6973747261746f72223b757365726e616d657c733a31333a2261646d696e6973747261746f72223b656d61696c7c733a31353a2261646d696e4061646d696e2e636f6d223b757365725f69647c733a313a2231223b6f6c645f6c6173745f6c6f67696e7c733a31303a2231353530383836363833223b6c6173745f636865636b7c693a313535303932383837393b),
('d21nd4rlupsputa6j8h1osbcmhv381c6', '::1', 1550932323, 0x5f5f63695f6c6173745f726567656e65726174657c693a313535303933323332333b6964656e746974797c733a31333a2261646d696e6973747261746f72223b757365726e616d657c733a31333a2261646d696e6973747261746f72223b656d61696c7c733a31353a2261646d696e4061646d696e2e636f6d223b757365725f69647c733a313a2231223b6f6c645f6c6173745f6c6f67696e7c733a31303a2231353530383836363833223b6c6173745f636865636b7c693a313535303932383837393b);

-- --------------------------------------------------------

--
-- Table structure for table `inventaris`
--

CREATE TABLE `inventaris` (
  `id` int(11) NOT NULL,
  `kode` varchar(10) DEFAULT NULL,
  `kategori` varchar(100) DEFAULT NULL,
  `kode_jenis_peralatan` int(11) DEFAULT NULL,
  `jenis_peralatan` varchar(50) DEFAULT NULL,
  `jumlah` int(10) DEFAULT NULL,
  `baik` varchar(50) DEFAULT NULL,
  `rusak` varchar(50) DEFAULT NULL,
  `apbn` varchar(50) DEFAULT NULL,
  `apbd_satu` varchar(50) DEFAULT NULL,
  `apbd_dua` varchar(50) DEFAULT NULL,
  `swasta` varchar(50) DEFAULT NULL,
  `keterangan` varchar(100) DEFAULT NULL,
  `nama_file` varchar(100) DEFAULT NULL
) ENGINE=InnoDB DEFAULT CHARSET=latin1;

--
-- Dumping data for table `inventaris`
--

INSERT INTO `inventaris` (`id`, `kode`, `kategori`, `kode_jenis_peralatan`, `jenis_peralatan`, `jumlah`, `baik`, `rusak`, `apbn`, `apbd_satu`, `apbd_dua`, `swasta`, `keterangan`, `nama_file`) VALUES
(24, '01', 'Alat Transportasi', NULL, 'Mobil Ambulance', 10, '5', '5', 'on', 'on', 'on', NULL, '', '1551023209.jpg'),
(25, '01', 'Alat Transportasi', NULL, 'Mobil Pemadam Kebakaran', 2, '1', '1', 'on', NULL, NULL, NULL, '', '1551023267.jpg'),
(26, '04', 'Alat Pemenuhan Kebutuhan Dasar', NULL, 'Mobil Evakuasi', 10, '5', '5', 'on', 'on', NULL, NULL, '', '1551023294.jpg'),
(27, '01', 'Alat Transportasi', NULL, 'Mobil Patroli', 10, '5', '5', 'on', NULL, NULL, NULL, '', '1551023340.jpg'),
(28, '05', 'Alat Berat', NULL, 'Kapal Motor', 2, '1', '1', 'on', NULL, NULL, NULL, '', '1551023369.jpg'),
(29, '', 'Alat Pencarian Penyelamatan dan Evakuasi', NULL, 'Perahu Karet 8 org', 31, '30', '1', 'on', 'on', NULL, NULL, '', '1551023514.jpg');

-- --------------------------------------------------------

--
-- Table structure for table `inv_categories`
--

CREATE TABLE `inv_categories` (
  `id` int(12) UNSIGNED NOT NULL,
  `code` varchar(30) NOT NULL,
  `name` varchar(255) NOT NULL,
  `description` text,
  `deleted` tinyint(1) NOT NULL DEFAULT '0' COMMENT '1 = deleted',
  `created_by` varchar(255) NOT NULL,
  `created_on` datetime NOT NULL,
  `updated_by` varchar(255) NOT NULL,
  `updated_on` datetime NOT NULL
) ENGINE=InnoDB DEFAULT CHARSET=latin1;

--
-- Dumping data for table `inv_categories`
--

INSERT INTO `inv_categories` (`id`, `code`, `name`, `description`, `deleted`, `created_by`, `created_on`, `updated_by`, `updated_on`) VALUES
(1, '01', 'Alat Transportasi', '', 0, 'administrator', '2019-02-15 10:09:53', 'administrator', '2019-02-15 10:09:53'),
(2, '02', 'Alat Komunikasi dan Informasi', '', 0, 'administrator', '2019-02-15 10:46:56', 'administrator', '2019-02-15 10:46:56'),
(3, '03', 'Alat Pencarian Penyelamatan dan Evakuasi', '', 0, 'administrator', '2019-02-15 10:47:33', 'administrator', '2019-02-15 10:47:33'),
(4, '04', 'Alat Pemenuhan Kebutuhan dasar', '', 0, 'administrator', '2019-02-15 10:48:16', 'administrator', '2019-02-15 10:48:16'),
(5, '05', 'Alat Berat', '', 0, 'administrator', '2019-02-15 10:48:40', 'administrator', '2019-02-15 10:48:40'),
(6, '06', 'Alat Penerangan dan Kelistrikan', '', 0, 'administrator', '2019-02-15 10:49:07', 'administrator', '2019-02-15 10:49:07'),
(7, '07', 'Alat Pergudangan', '', 0, 'administrator', '2019-02-15 10:49:19', 'administrator', '2019-02-15 10:49:19'),
(8, '08', 'Alat Lainnya', NULL, 0, 'administrator', '2019-02-15 10:49:26', 'administrator', '2019-02-23 22:10:34');

-- --------------------------------------------------------

--
-- Table structure for table `inv_datas`
--

CREATE TABLE `inv_datas` (
  `id` int(12) UNSIGNED NOT NULL,
  `code` varchar(255) NOT NULL,
  `category_id` int(12) NOT NULL COMMENT 'FK inv_category',
  `location_id` int(12) DEFAULT NULL COMMENT 'FK inv_location',
  `brand` varchar(255) DEFAULT NULL,
  `model` varchar(255) DEFAULT NULL,
  `serial_number` varchar(255) DEFAULT NULL,
  `status` int(12) DEFAULT NULL COMMENT 'FK master_status',
  `color` varchar(65) DEFAULT NULL COMMENT 'Peralatan',
  `price` int(12) DEFAULT NULL COMMENT 'Harga Beli',
  `date_of_purchase` date DEFAULT NULL COMMENT 'Tgl Beli',
  `photo` text COMMENT 'Foto',
  `thumbnail` text COMMENT 'Thumb',
  `description` text COMMENT 'Keterangan',
  `deleted` tinyint(1) NOT NULL DEFAULT '0',
  `created_by` varchar(255) NOT NULL,
  `created_on` datetime NOT NULL,
  `updated_by` varchar(255) NOT NULL,
  `updated_on` datetime NOT NULL
) ENGINE=InnoDB DEFAULT CHARSET=latin1;

--
-- Dumping data for table `inv_datas`
--

INSERT INTO `inv_datas` (`id`, `code`, `category_id`, `location_id`, `brand`, `model`, `serial_number`, `status`, `color`, `price`, `date_of_purchase`, `photo`, `thumbnail`, `description`, `deleted`, `created_by`, `created_on`, `updated_by`, `updated_on`) VALUES
(13, '1', 1, NULL, 'APBD', '1', NULL, 4, 'Mobil Jenazah', NULL, '2019-02-26', NULL, NULL, '', 0, 'administrator', '2019-02-21 22:27:42', 'administrator', '2019-02-21 22:27:42'),
(14, '1', 1, NULL, 'APBN, SWASTA', '2', NULL, 4, 'Mobil Pemadam Kebakaran', NULL, '0000-00-00', NULL, NULL, '', 0, 'administrator', '2019-02-21 22:28:13', 'administrator', '2019-02-21 22:28:13');

-- --------------------------------------------------------

--
-- Table structure for table `inv_locations`
--

CREATE TABLE `inv_locations` (
  `id` int(12) UNSIGNED NOT NULL,
  `code` varchar(255) NOT NULL,
  `name` varchar(255) NOT NULL,
  `detail` text,
  `photo` text,
  `thumbnail` text,
  `deleted` tinyint(1) NOT NULL DEFAULT '0',
  `created_by` varchar(255) NOT NULL,
  `created_on` datetime NOT NULL,
  `updated_by` varchar(255) NOT NULL,
  `updated_on` datetime NOT NULL
) ENGINE=InnoDB DEFAULT CHARSET=latin1;

--
-- Dumping data for table `inv_locations`
--

INSERT INTO `inv_locations` (`id`, `code`, `name`, `detail`, `photo`, `thumbnail`, `deleted`, `created_by`, `created_on`, `updated_by`, `updated_on`) VALUES
(4, '01', 'SEMARANG', '', NULL, NULL, 0, 'administrator', '2019-02-21 20:56:07', 'administrator', '2019-02-21 20:56:07'),
(5, 'A2412', 'SADASD', '', NULL, NULL, 0, 'administrator', '2019-02-21 21:10:16', 'administrator', '2019-02-21 21:10:16');

-- --------------------------------------------------------

--
-- Table structure for table `inv_log_data_location`
--

CREATE TABLE `inv_log_data_location` (
  `id` int(12) UNSIGNED NOT NULL,
  `code` varchar(255) NOT NULL COMMENT 'FK inv_datas',
  `location_id` int(12) NOT NULL COMMENT 'FK inv_locations',
  `created_by` varchar(255) NOT NULL,
  `created_on` datetime NOT NULL,
  `updated_by` varchar(255) NOT NULL,
  `updated_on` datetime NOT NULL
) ENGINE=InnoDB DEFAULT CHARSET=latin1;

--
-- Dumping data for table `inv_log_data_location`
--

INSERT INTO `inv_log_data_location` (`id`, `code`, `location_id`, `created_by`, `created_on`, `updated_by`, `updated_on`) VALUES
(1, '01', 1, 'administrator', '2019-02-15 10:12:00', 'administrator', '2019-02-15 10:12:00'),
(2, '02', 1, 'administrator', '2019-02-18 08:25:20', 'administrator', '2019-02-18 08:25:20'),
(3, '03', 3, 'administrator', '2019-02-18 15:26:13', 'administrator', '2019-02-18 15:26:13'),
(4, '04', 3, 'administrator', '2019-02-20 10:18:39', 'administrator', '2019-02-20 10:18:39');

-- --------------------------------------------------------

--
-- Table structure for table `inv_log_data_status`
--

CREATE TABLE `inv_log_data_status` (
  `id` int(12) UNSIGNED NOT NULL,
  `code` varchar(255) NOT NULL COMMENT 'FK inv_datas',
  `status_id` int(12) NOT NULL COMMENT 'FK inv_status',
  `created_by` varchar(255) NOT NULL,
  `created_on` datetime NOT NULL,
  `updated_by` varchar(255) NOT NULL,
  `updated_on` datetime NOT NULL
) ENGINE=InnoDB DEFAULT CHARSET=latin1;

--
-- Dumping data for table `inv_log_data_status`
--

INSERT INTO `inv_log_data_status` (`id`, `code`, `status_id`, `created_by`, `created_on`, `updated_by`, `updated_on`) VALUES
(1, '01', 1, 'administrator', '2019-02-15 10:12:00', 'administrator', '2019-02-15 10:12:00'),
(2, '02', 4, 'administrator', '2019-02-18 08:25:20', 'administrator', '2019-02-18 08:25:20'),
(3, '03', 4, 'administrator', '2019-02-18 15:26:13', 'administrator', '2019-02-18 15:26:13'),
(4, '04', 4, 'administrator', '2019-02-20 10:18:39', 'administrator', '2019-02-20 10:18:39'),
(5, 'a11', 4, 'administrator', '2019-02-21 21:26:22', 'administrator', '2019-02-21 21:26:22'),
(6, '23', 5, 'administrator', '2019-02-21 21:31:05', 'administrator', '2019-02-21 21:31:05'),
(7, '1', 4, 'administrator', '2019-02-21 21:45:35', 'administrator', '2019-02-21 21:45:35'),
(8, '2', 4, 'administrator', '2019-02-21 21:46:02', 'administrator', '2019-02-21 21:46:02'),
(9, '3', 4, 'administrator', '2019-02-21 21:46:27', 'administrator', '2019-02-21 21:46:27'),
(10, '02', 4, 'administrator', '2019-02-21 22:08:17', 'administrator', '2019-02-21 22:08:17'),
(11, '1', 4, 'administrator', '2019-02-21 22:15:58', 'administrator', '2019-02-21 22:15:58'),
(12, '1', 4, 'administrator', '2019-02-21 22:27:42', 'administrator', '2019-02-21 22:27:42'),
(13, '1', 4, 'administrator', '2019-02-21 22:28:13', 'administrator', '2019-02-21 22:28:13');

-- --------------------------------------------------------

--
-- Table structure for table `inv_status`
--

CREATE TABLE `inv_status` (
  `id` int(12) UNSIGNED NOT NULL,
  `name` varchar(50) NOT NULL,
  `description` text,
  `deleted` tinyint(1) NOT NULL DEFAULT '0',
  `created_by` varchar(255) NOT NULL,
  `created_on` datetime DEFAULT NULL,
  `updated_by` varchar(255) NOT NULL,
  `updated_on` datetime DEFAULT NULL
) ENGINE=InnoDB DEFAULT CHARSET=latin1;

--
-- Dumping data for table `inv_status`
--

INSERT INTO `inv_status` (`id`, `name`, `description`, `deleted`, `created_by`, `created_on`, `updated_by`, `updated_on`) VALUES
(4, 'Baik', '', 0, 'administrator', '2019-02-15 10:14:44', 'administrator', '2019-02-15 10:14:44'),
(5, 'Rusak', '', 0, 'administrator', '2019-02-15 10:14:57', 'administrator', '2019-02-15 10:14:57');

-- --------------------------------------------------------

--
-- Table structure for table `login_attempts`
--

CREATE TABLE `login_attempts` (
  `id` int(11) UNSIGNED NOT NULL,
  `ip_address` varchar(45) NOT NULL,
  `login` varchar(100) NOT NULL,
  `time` int(11) UNSIGNED DEFAULT NULL
) ENGINE=InnoDB DEFAULT CHARSET=utf8;

-- --------------------------------------------------------

--
-- Table structure for table `master_color`
--

CREATE TABLE `master_color` (
  `id` tinyint(2) UNSIGNED NOT NULL,
  `name` varchar(40) NOT NULL,
  `deleted` tinyint(1) NOT NULL DEFAULT '0',
  `created_by` varchar(255) NOT NULL,
  `created_on` datetime NOT NULL,
  `updated_by` varchar(255) NOT NULL,
  `updated_on` datetime NOT NULL
) ENGINE=MyISAM DEFAULT CHARSET=latin1;

--
-- Dumping data for table `master_color`
--

INSERT INTO `master_color` (`id`, `name`, `deleted`, `created_by`, `created_on`, `updated_by`, `updated_on`) VALUES
(10, 'Mobil Ambulance', 0, 'administrator', '2019-02-18 14:37:33', 'administrator', '2019-02-18 14:37:33'),
(11, 'Mobil Tangki BBM', 0, 'administrator', '2019-02-18 14:37:54', 'administrator', '2019-02-18 14:37:54'),
(12, 'Mobil Evakuasi', 0, 'administrator', '2019-02-18 14:38:07', 'administrator', '2019-02-18 14:38:07'),
(13, 'Mobil Pemadam Kebakaran', 0, 'administrator', '2019-02-18 14:38:51', 'administrator', '2019-02-18 14:38:51'),
(14, 'Helikopter', 0, 'administrator', '2019-02-18 14:39:02', 'administrator', '2019-02-18 14:39:02'),
(15, 'Mobil Komando', 0, 'administrator', '2019-02-18 14:39:09', 'administrator', '2019-02-18 14:39:09'),
(16, 'Mobil Patroli', 0, 'administrator', '2019-02-18 14:39:27', 'administrator', '2019-02-18 14:39:27'),
(17, 'Mobil Jenazah', 0, 'administrator', '2019-02-18 14:39:39', 'administrator', '2019-02-18 14:39:39'),
(18, 'Mobil Operasional', 0, 'administrator', '2019-02-18 14:39:54', 'administrator', '2019-02-18 14:39:54'),
(19, 'Mobil Komunikasi', 0, 'administrator', '2019-02-18 14:40:23', 'administrator', '2019-02-18 14:40:23'),
(20, 'Mobil Rescue', 0, 'administrator', '2019-02-18 14:40:49', 'administrator', '2019-02-18 14:40:49'),
(21, 'Motor Ops', 0, 'administrator', '2019-02-18 14:40:59', 'administrator', '2019-02-18 14:43:33'),
(22, 'Mobil Roda Tiga', 0, 'administrator', '2019-02-18 14:41:09', 'administrator', '2019-02-18 14:41:09'),
(23, 'Motor Trail Rescue', 0, 'administrator', '2019-02-18 14:41:44', 'administrator', '2019-02-18 14:41:44'),
(24, 'Mobil Box', 0, 'administrator', '2019-02-18 14:41:55', 'administrator', '2019-02-18 14:41:55'),
(25, 'Pick Up', 0, 'administrator', '2019-02-18 14:42:02', 'administrator', '2019-02-18 14:42:02'),
(26, 'Mobil Trailer', 0, 'administrator', '2019-02-18 14:42:17', 'administrator', '2019-02-18 14:43:56'),
(27, 'Truk Serbaguna', 0, 'administrator', '2019-02-18 14:45:14', 'administrator', '2019-02-18 14:45:14'),
(28, 'Mobil  Dapur Umum Lapangan', 0, 'administrator', '2019-02-18 14:46:10', 'administrator', '2019-02-18 14:46:10'),
(29, 'Truk Logistik', 0, 'administrator', '2019-02-18 14:46:21', 'administrator', '2019-02-18 14:46:21'),
(30, 'Truk Tangki Air', 0, 'administrator', '2019-02-18 14:46:32', 'administrator', '2019-02-18 14:46:32'),
(31, 'Truk Urinoir MCK', 0, 'administrator', '2019-02-18 14:47:01', 'administrator', '2019-02-18 14:47:01'),
(32, 'Truk Water Treatmen', 0, 'administrator', '2019-02-18 14:47:25', 'administrator', '2019-02-18 14:47:25'),
(33, 'Truk', 0, 'administrator', '2019-02-18 14:47:31', 'administrator', '2019-02-18 14:47:31'),
(34, 'Kapal Motor', 0, 'administrator', '2019-02-18 14:47:58', 'administrator', '2019-02-18 14:47:58'),
(35, 'Mini Bus', 0, 'administrator', '2019-02-18 14:48:04', 'administrator', '2019-02-18 14:48:04'),
(36, 'Sistem Komunikasi Cepat', 0, 'administrator', '2019-02-18 14:48:53', 'administrator', '2019-02-18 14:49:03'),
(37, 'Portable Communication Mobile', 0, 'administrator', '2019-02-18 14:49:27', 'administrator', '2019-02-18 14:49:27'),
(38, 'HT', 0, 'administrator', '2019-02-18 14:49:34', 'administrator', '2019-02-18 14:49:34'),
(39, 'RIG', 0, 'administrator', '2019-02-18 14:49:41', 'administrator', '2019-02-18 14:49:41'),
(40, 'GPS', 0, 'administrator', '2019-02-18 14:49:51', 'administrator', '2019-02-18 14:49:51'),
(41, 'Telpon Internet Satelit', 0, 'administrator', '2019-02-18 14:50:40', 'administrator', '2019-02-18 14:50:40'),
(42, 'Alat Deteksi Dini dan Peringatan dini', 0, 'administrator', '2019-02-18 14:51:11', 'administrator', '2019-02-20 10:13:54'),
(43, 'SSB/RPP', 0, 'administrator', '2019-02-18 14:51:49', 'administrator', '2019-02-18 14:51:49'),
(44, 'UHF', 0, 'administrator', '2019-02-18 14:51:57', 'administrator', '2019-02-18 14:51:57'),
(45, 'Wireless', 0, 'administrator', '2019-02-18 14:52:28', 'administrator', '2019-02-18 14:52:28'),
(46, 'Megaphone', 0, 'administrator', '2019-02-18 14:52:35', 'administrator', '2019-02-18 14:52:35'),
(47, 'Repiter / Antena', 0, 'administrator', '2019-02-18 14:52:55', 'administrator', '2019-02-18 14:52:55'),
(48, 'Video Shooting', 0, 'administrator', '2019-02-18 14:53:02', 'administrator', '2019-02-18 14:53:02'),
(49, 'Camera Digital', 0, 'administrator', '2019-02-18 14:53:11', 'administrator', '2019-02-18 14:53:11'),
(50, 'Handycam', 0, 'administrator', '2019-02-18 14:53:21', 'administrator', '2019-02-18 14:53:21'),
(51, 'Power Supply', 0, 'administrator', '2019-02-18 14:53:31', 'administrator', '2019-02-18 14:53:31'),
(52, 'Alat Pemotong Baja dan Beton', 0, 'administrator', '2019-02-18 14:53:55', 'administrator', '2019-02-18 14:53:55'),
(53, 'Rompi', 0, 'administrator', '2019-02-18 14:54:00', 'administrator', '2019-02-18 14:54:00'),
(54, 'Life Jacket / Rompi Pelampung', 0, 'administrator', '2019-02-18 14:54:17', 'administrator', '2019-02-18 14:54:17'),
(55, 'Lifebouy / Pelampung', 0, 'administrator', '2019-02-18 14:54:34', 'administrator', '2019-02-18 14:54:34'),
(56, 'Perahu Karet 12 org', 0, 'administrator', '2019-02-18 14:54:47', 'administrator', '2019-02-18 14:54:47'),
(57, 'Perahu Karet 10 org', 0, 'administrator', '2019-02-18 14:55:00', 'administrator', '2019-02-18 14:55:00'),
(58, 'Perahu Karet 8 org', 0, 'administrator', '2019-02-18 14:55:12', 'administrator', '2019-02-18 14:55:12'),
(59, 'Perahu Karet 6 org', 0, 'administrator', '2019-02-18 14:55:52', 'administrator', '2019-02-18 14:55:52'),
(60, 'Perahu Rafting', 0, 'administrator', '2019-02-18 14:56:03', 'administrator', '2019-02-18 14:56:03'),
(61, 'Perahu Polyethilene + Mesin 9,', 0, 'administrator', '2019-02-18 14:56:43', 'administrator', '2019-02-18 14:56:43'),
(62, 'Perahu Lipat + Mesin 18 PK', 0, 'administrator', '2019-02-18 14:57:11', 'administrator', '2019-02-18 14:57:11'),
(63, 'Trailer', 0, 'administrator', '2019-02-18 14:57:30', 'administrator', '2019-02-18 14:57:30'),
(64, 'Kapal Patroli', 0, 'administrator', '2019-02-18 14:57:41', 'administrator', '2019-02-18 14:57:41'),
(65, 'Mesin Perahu 40 PK', 0, 'administrator', '2019-02-18 14:57:54', 'administrator', '2019-02-18 14:57:54'),
(66, 'Mesin Perahu 25 PK', 0, 'administrator', '2019-02-18 14:58:08', 'administrator', '2019-02-18 14:58:08'),
(67, 'Mesin Perahu 18 PK', 0, 'administrator', '2019-02-18 14:58:19', 'administrator', '2019-02-18 14:58:19'),
(68, 'Mesin Perahu 15 PK', 0, 'administrator', '2019-02-18 14:58:35', 'administrator', '2019-02-18 14:58:35'),
(69, 'Dolphin / Speed Boat', 0, 'administrator', '2019-02-18 14:58:57', 'administrator', '2019-02-18 14:58:57'),
(70, 'Peralatan Selam', 0, 'administrator', '2019-02-18 14:59:11', 'administrator', '2019-02-18 14:59:11'),
(71, 'Vertical Rescue', 0, 'administrator', '2019-02-18 14:59:45', 'administrator', '2019-02-18 14:59:45'),
(72, 'Teropong / Teleskop', 0, 'administrator', '2019-02-18 15:00:19', 'administrator', '2019-02-18 15:00:19'),
(73, 'Rumah Sakit Lapangan', 0, 'administrator', '2019-02-18 15:00:27', 'administrator', '2019-02-18 15:00:27'),
(74, 'Perl. TRC', 0, 'administrator', '2019-02-18 15:00:39', 'administrator', '2019-02-18 15:00:39'),
(75, 'Chain Saw', 0, 'administrator', '2019-02-18 15:00:46', 'administrator', '2019-02-18 15:00:46'),
(76, 'Helm SAR', 0, 'administrator', '2019-02-18 15:00:57', 'administrator', '2019-02-18 15:00:57'),
(77, 'Pulay', 0, 'administrator', '2019-02-18 15:01:00', 'administrator', '2019-02-18 15:01:00'),
(78, 'Breathing Appars', 0, 'administrator', '2019-02-18 15:01:28', 'administrator', '2019-02-18 15:01:28'),
(79, 'Speedboat Polyethilene', 0, 'administrator', '2019-02-18 15:02:10', 'administrator', '2019-02-18 15:02:10'),
(80, 'Alat/Paket Pemadam kebakaran', 0, 'administrator', '2019-02-18 15:02:32', 'administrator', '2019-02-18 15:02:32'),
(81, 'Pakaian Tahan Panas', 0, 'administrator', '2019-02-18 15:02:51', 'administrator', '2019-02-18 15:03:05'),
(82, 'Pompa Perahu', 0, 'administrator', '2019-02-18 15:03:14', 'administrator', '2019-02-18 15:03:14'),
(83, 'Rak Tempat Perahu Karet', 0, 'administrator', '2019-02-18 15:03:32', 'administrator', '2019-02-18 15:03:32'),
(84, 'Selang BBM', 0, 'administrator', '2019-02-18 15:03:54', 'administrator', '2019-02-18 15:03:54'),
(85, 'Sandaran Mesin Tempel', 0, 'administrator', '2019-02-18 15:04:30', 'administrator', '2019-02-18 15:04:30'),
(86, 'Perahu Alumunium', 0, 'administrator', '2019-02-18 15:04:53', 'administrator', '2019-02-18 15:04:53'),
(87, 'Jangkar', 0, 'administrator', '2019-02-18 15:05:04', 'administrator', '2019-02-18 15:05:04'),
(88, 'Ring Buoy', 0, 'administrator', '2019-02-18 15:05:23', 'administrator', '2019-02-18 15:05:23'),
(89, 'Tali PP 10 mm', 0, 'administrator', '2019-02-18 15:05:39', 'administrator', '2019-02-18 15:05:39'),
(90, 'Tangki BBM', 0, 'administrator', '2019-02-18 15:05:46', 'administrator', '2019-02-18 15:05:46'),
(91, 'Dayung', 0, 'administrator', '2019-02-18 15:05:55', 'administrator', '2019-02-18 15:05:55'),
(92, 'Pakaian Tahan Api', 0, 'administrator', '2019-02-18 15:06:09', 'administrator', '2019-02-18 15:06:09'),
(93, 'Helm Tahan Panas', 0, 'administrator', '2019-02-18 15:06:30', 'administrator', '2019-02-18 15:06:30'),
(94, 'Sepatu Boot', 0, 'administrator', '2019-02-18 15:06:39', 'administrator', '2019-02-18 15:06:39'),
(95, 'Sarung Tangan', 0, 'administrator', '2019-02-18 15:06:46', 'administrator', '2019-02-18 15:06:46'),
(96, 'Helm Penyelamat', 0, 'administrator', '2019-02-18 15:06:53', 'administrator', '2019-02-18 15:06:53'),
(97, 'Perahu Kayu', 0, 'administrator', '2019-02-18 15:07:03', 'administrator', '2019-02-18 15:07:03'),
(98, 'Pangkon Mesin', 0, 'administrator', '2019-02-18 15:07:11', 'administrator', '2019-02-18 15:07:11'),
(99, 'Perahu Fiber', 0, 'administrator', '2019-02-18 15:07:23', 'administrator', '2019-02-18 15:07:23'),
(100, 'Mesin Perahu 30 PK', 0, 'administrator', '2019-02-18 15:07:35', 'administrator', '2019-02-18 15:07:35'),
(101, 'Bidai Spinal', 0, 'administrator', '2019-02-18 15:07:47', 'administrator', '2019-02-18 15:07:47'),
(102, 'Masker', 0, 'administrator', '2019-02-18 15:07:51', 'administrator', '2019-02-18 15:07:51'),
(103, 'Face Masker', 0, 'administrator', '2019-02-18 15:07:56', 'administrator', '2019-02-18 15:07:56'),
(104, 'Perahu Jungkung', 0, 'administrator', '2019-02-18 15:08:09', 'administrator', '2019-02-18 15:08:09'),
(105, 'WTP 250 lt', 0, 'administrator', '2019-02-18 15:08:25', 'administrator', '2019-02-18 15:08:25'),
(106, 'WTP mini', 0, 'administrator', '2019-02-18 15:08:34', 'administrator', '2019-02-18 15:08:34'),
(107, 'Peralatan Dapur Lapangan / Umum', 0, 'administrator', '2019-02-18 15:08:56', 'administrator', '2019-02-20 10:09:28'),
(108, 'Fleksibel Tank 2000 lt', 0, 'administrator', '2019-02-18 15:09:15', 'administrator', '2019-02-18 15:09:15'),
(109, 'Fleksible Tank 1000 lt', 0, 'administrator', '2019-02-18 15:09:25', 'administrator', '2019-02-18 15:09:25'),
(110, 'Toilet Lapangan', 0, 'administrator', '2019-02-18 15:09:48', 'administrator', '2019-02-18 15:09:48'),
(111, 'Tenda Posko', 0, 'administrator', '2019-02-18 15:09:55', 'administrator', '2019-02-18 15:09:55'),
(112, 'Tenda Keluarga', 0, 'administrator', '2019-02-18 15:10:01', 'administrator', '2019-02-18 15:10:01'),
(113, 'Tenda Regu', 0, 'administrator', '2019-02-18 15:10:08', 'administrator', '2019-02-18 15:10:08'),
(114, 'Tenda Pleton', 0, 'administrator', '2019-02-18 15:10:13', 'administrator', '2019-02-18 15:10:13'),
(115, 'Tenda Pengungsi', 0, 'administrator', '2019-02-18 15:10:24', 'administrator', '2019-02-18 15:10:24'),
(116, 'Tenda Sekolah', 0, 'administrator', '2019-02-18 15:10:34', 'administrator', '2019-02-18 15:10:34'),
(117, 'Tenda Lapangan', 0, 'administrator', '2019-02-18 15:10:44', 'administrator', '2019-02-18 15:10:44'),
(118, 'Tenda Individu', 0, 'administrator', '2019-02-18 15:10:58', 'administrator', '2019-02-18 15:10:58'),
(119, 'Tenda Gulung', 0, 'administrator', '2019-02-18 15:11:08', 'administrator', '2019-02-18 15:11:08'),
(120, 'Tenda Lipat', 0, 'administrator', '2019-02-18 15:11:14', 'administrator', '2019-02-18 15:11:14'),
(121, 'Echosounder', 0, 'administrator', '2019-02-18 15:11:31', 'administrator', '2019-02-18 15:11:31'),
(122, 'Velbed', 0, 'administrator', '2019-02-18 15:11:41', 'administrator', '2019-02-18 15:11:41'),
(123, 'Tandon Air', 0, 'administrator', '2019-02-18 15:11:46', 'administrator', '2019-02-18 15:11:46'),
(124, 'Tenda Dapur Umum', 0, 'administrator', '2019-02-18 15:11:56', 'administrator', '2019-02-18 15:11:56'),
(125, 'Tenda Terpal Plastik', 0, 'administrator', '2019-02-18 15:12:13', 'administrator', '2019-02-18 15:12:13'),
(126, 'Jas Hujan', 0, 'administrator', '2019-02-18 15:12:19', 'administrator', '2019-02-18 15:12:19'),
(127, 'Tenda Komando', 0, 'administrator', '2019-02-18 15:12:52', 'administrator', '2019-02-18 15:12:52'),
(128, 'Scope Loader', 0, 'administrator', '2019-02-18 15:13:15', 'administrator', '2019-02-18 15:13:15'),
(129, 'Back Hoe', 0, 'administrator', '2019-02-18 15:13:24', 'administrator', '2019-02-18 15:13:24'),
(130, 'Truck W Crane 3 Ton', 0, 'administrator', '2019-02-18 15:13:33', 'administrator', '2019-02-18 15:13:33'),
(131, 'Tandem Vibration Roller 4 Ton', 0, 'administrator', '2019-02-18 15:13:56', 'administrator', '2019-02-18 15:13:56'),
(132, 'Crane on Wheel 15 Ton', 0, 'administrator', '2019-02-18 15:14:15', 'administrator', '2019-02-18 15:14:15'),
(133, 'Wheel Looder 1,2 - 1,5 M3', 0, 'administrator', '2019-02-18 15:14:41', 'administrator', '2019-02-18 15:14:41'),
(134, 'Head Tractor & Trailer', 0, 'administrator', '2019-02-18 15:14:59', 'administrator', '2019-02-18 15:14:59'),
(135, 'Loader', 0, 'administrator', '2019-02-18 15:15:11', 'administrator', '2019-02-18 15:15:11'),
(136, 'Exavator', 0, 'administrator', '2019-02-18 15:15:21', 'administrator', '2019-02-18 15:15:21'),
(137, 'Dump Truck', 0, 'administrator', '2019-02-18 15:15:29', 'administrator', '2019-02-18 15:15:29'),
(138, 'Grader', 0, 'administrator', '2019-02-18 15:15:39', 'administrator', '2019-02-18 15:15:39'),
(139, 'Bulldoser', 0, 'administrator', '2019-02-18 15:15:47', 'administrator', '2019-02-18 15:15:47'),
(140, 'Vlact Bed', 0, 'administrator', '2019-02-18 15:15:55', 'administrator', '2019-02-18 15:15:55'),
(141, 'Vibro Hammer', 0, 'administrator', '2019-02-18 15:16:05', 'administrator', '2019-02-18 15:16:05'),
(142, 'Wheel Loader', 0, 'administrator', '2019-02-18 15:16:14', 'administrator', '2019-02-18 15:16:14'),
(143, 'Ulhantor Roller', 0, 'administrator', '2019-02-18 15:16:26', 'administrator', '2019-02-18 15:16:26'),
(144, 'Lampu Senter', 0, 'administrator', '2019-02-18 15:16:45', 'administrator', '2019-02-18 15:16:45'),
(145, 'Solar Sel Generator', 0, 'administrator', '2019-02-18 15:16:58', 'administrator', '2019-02-18 15:16:58'),
(146, 'Lampu Srt Halogen', 0, 'administrator', '2019-02-18 15:17:13', 'administrator', '2019-02-18 15:17:13'),
(147, 'Lampu Badai', 0, 'administrator', '2019-02-18 15:17:26', 'administrator', '2019-02-18 15:17:26'),
(148, 'Genset 5,5 KVA', 0, 'administrator', '2019-02-18 15:17:41', 'administrator', '2019-02-18 15:17:41'),
(149, 'Genset 10 KVA', 0, 'administrator', '2019-02-18 15:17:51', 'administrator', '2019-02-18 15:17:51'),
(150, 'Genset 1000 watt', 0, 'administrator', '2019-02-18 15:18:10', 'administrator', '2019-02-18 15:18:10'),
(151, 'Solar Handle Lamp', 0, 'administrator', '2019-02-18 15:18:26', 'administrator', '2019-02-18 15:18:26'),
(152, 'Lampu Penerangan (Solar Cell)', 0, 'administrator', '2019-02-18 15:18:41', 'administrator', '2019-02-18 15:18:41'),
(153, 'Light Tower Port', 0, 'administrator', '2019-02-18 15:18:57', 'administrator', '2019-02-18 15:18:57'),
(154, 'Lampu Senter HID Search Light', 0, 'administrator', '2019-02-18 15:19:19', 'administrator', '2019-02-18 15:19:19'),
(155, 'Kabel', 0, 'administrator', '2019-02-18 15:19:23', 'administrator', '2019-02-18 15:19:23'),
(156, 'Tiang Lampu Lapangan', 0, 'administrator', '2019-02-18 15:19:30', 'administrator', '2019-02-18 15:19:30'),
(157, 'Lampu Lapangan (Sport Light)', 0, 'administrator', '2019-02-18 15:19:52', 'administrator', '2019-02-18 15:19:52'),
(158, 'Senter Besar', 0, 'administrator', '2019-02-18 15:20:02', 'administrator', '2019-02-18 15:20:02'),
(159, 'Lampu Rotator', 0, 'administrator', '2019-02-18 15:20:12', 'administrator', '2019-02-18 15:20:12'),
(160, 'Lampu Sorot', 0, 'administrator', '2019-02-18 15:20:17', 'administrator', '2019-02-18 15:20:17'),
(161, 'Emergency Lamp', 0, 'administrator', '2019-02-18 15:20:29', 'administrator', '2019-02-18 15:20:29'),
(162, 'Froklift', 0, 'administrator', '2019-02-18 15:20:59', 'administrator', '2019-02-18 15:20:59'),
(163, 'Hand Froklift', 0, 'administrator', '2019-02-18 15:21:10', 'administrator', '2019-02-18 15:21:10'),
(164, 'Gerobak Sorong', 0, 'administrator', '2019-02-18 15:21:21', 'administrator', '2019-02-18 15:21:21'),
(165, 'Trolley', 0, 'administrator', '2019-02-18 15:21:27', 'administrator', '2019-02-18 15:21:27'),
(166, 'Rak Gondola', 0, 'administrator', '2019-02-18 15:21:38', 'administrator', '2019-02-18 15:21:38'),
(167, 'Palka', 0, 'administrator', '2019-02-18 15:21:43', 'administrator', '2019-02-18 15:21:43'),
(168, 'Safety Equipment', 0, 'administrator', '2019-02-18 15:21:58', 'administrator', '2019-02-18 15:21:58'),
(169, 'Tenda Gudang', 0, 'administrator', '2019-02-18 15:22:06', 'administrator', '2019-02-18 15:22:06'),
(170, 'Water Closed', 0, 'administrator', '2019-02-18 15:22:15', 'administrator', '2019-02-18 15:22:15'),
(171, 'Tabung Gas 12 Kg', 0, 'administrator', '2019-02-18 15:22:28', 'administrator', '2019-02-18 15:22:28'),
(172, 'Tabung Gas 3 Kg', 0, 'administrator', '2019-02-18 15:22:36', 'administrator', '2019-02-18 15:22:36'),
(173, 'Selang', 0, 'administrator', '2019-02-18 15:22:42', 'administrator', '2019-02-18 15:22:42'),
(174, 'Helm Kerja / PMK', 0, 'administrator', '2019-02-18 15:22:53', 'administrator', '2019-02-18 15:22:53'),
(175, 'Topi Proyek', 0, 'administrator', '2019-02-18 15:23:04', 'administrator', '2019-02-18 15:23:04'),
(176, 'Mesin Pompa Air', 0, 'administrator', '2019-02-18 15:23:12', 'administrator', '2019-02-18 15:23:12'),
(177, 'Kawat Bronjong', 0, 'administrator', '2019-02-18 15:23:25', 'administrator', '2019-02-18 15:23:25'),
(178, 'Karung Plastik', 0, 'administrator', '2019-02-18 15:23:33', 'administrator', '2019-02-18 15:23:33'),
(179, 'Garpu Sampah', 0, 'administrator', '2019-02-18 15:23:42', 'administrator', '2019-02-18 15:23:42'),
(180, 'Dirgen 40 L', 0, 'administrator', '2019-02-18 15:23:54', 'administrator', '2019-02-18 15:23:54'),
(181, 'Hand Sprayer', 0, 'administrator', '2019-02-18 15:24:08', 'administrator', '2019-02-18 15:24:08'),
(182, 'Knock Down Closet', 0, 'administrator', '2019-02-18 15:24:23', 'administrator', '2019-02-18 15:24:23'),
(183, 'Mesin Fogging', 0, 'administrator', '2019-02-18 15:24:30', 'administrator', '2019-02-18 15:24:30'),
(184, 'Drag Bar', 0, 'administrator', '2019-02-18 15:24:39', 'administrator', '2019-02-18 15:24:48'),
(185, 'CCTV', 0, 'administrator', '2019-02-18 15:24:55', 'administrator', '2019-02-18 15:24:55'),
(186, 'Peralatan Dapur Lapangan / Umu', 1, 'administrator', '2019-02-20 10:07:51', 'administrator', '2019-02-20 10:07:55');

-- --------------------------------------------------------

--
-- Table structure for table `users`
--

CREATE TABLE `users` (
  `id` int(11) UNSIGNED NOT NULL,
  `ip_address` varchar(45) NOT NULL,
  `username` varchar(100) DEFAULT NULL,
  `password` varchar(255) NOT NULL,
  `salt` varchar(255) DEFAULT NULL,
  `email` varchar(254) NOT NULL,
  `activation_code` varchar(40) DEFAULT NULL,
  `forgotten_password_code` varchar(40) DEFAULT NULL,
  `forgotten_password_time` int(11) UNSIGNED DEFAULT NULL,
  `remember_code` varchar(40) DEFAULT NULL,
  `created_on` int(11) UNSIGNED NOT NULL,
  `last_login` int(11) UNSIGNED DEFAULT NULL,
  `active` tinyint(1) UNSIGNED DEFAULT NULL,
  `first_name` varchar(50) DEFAULT NULL,
  `last_name` varchar(50) DEFAULT NULL,
  `phone` varchar(20) DEFAULT NULL
) ENGINE=InnoDB DEFAULT CHARSET=utf8;

--
-- Dumping data for table `users`
--

INSERT INTO `users` (`id`, `ip_address`, `username`, `password`, `salt`, `email`, `activation_code`, `forgotten_password_code`, `forgotten_password_time`, `remember_code`, `created_on`, `last_login`, `active`, `first_name`, `last_name`, `phone`) VALUES
(1, '127.0.0.1', 'administrator', '$2y$08$5UfBoZN5N9ong5Artw5jquV7RwijQgCgNjVCY23n/I9FMJgjzN.rW', '', 'admin@admin.com', '', NULL, NULL, 'uHIOa9vEh//MREFkE7JFNe', 1268889823, 1551017179, 1, 'Mimin', 'Admin', '01234567'),
(2, '::1', 'fikrianisaa', '$2y$08$uAFvY1dld9jZyoTyt8qHGOz2ZxCqm.6EcW.TWbs0KQPLVJkLAvakO', NULL, 'fikrianisaa@gmail.com', NULL, NULL, NULL, 'tAor7W1zWnL3/L50GxFX0.', 1550202308, 1550886517, 1, 'fikria', 'nisa', '0856665809988');

--
-- Triggers `users`
--
DELIMITER $$
CREATE TRIGGER `after_users_insert` AFTER INSERT ON `users` FOR EACH ROW BEGIN
	INSERT INTO `invenitri_database`.users_photo VALUES( NEW.username, "no_picture.png", "no_picture.png", now());
    END
$$
DELIMITER ;

-- --------------------------------------------------------

--
-- Table structure for table `users_groups`
--

CREATE TABLE `users_groups` (
  `id` int(11) UNSIGNED NOT NULL,
  `user_id` int(11) UNSIGNED NOT NULL,
  `group_id` mediumint(8) UNSIGNED NOT NULL
) ENGINE=InnoDB DEFAULT CHARSET=utf8;

--
-- Dumping data for table `users_groups`
--

INSERT INTO `users_groups` (`id`, `user_id`, `group_id`) VALUES
(11, 1, 1),
(12, 1, 2),
(14, 2, 1),
(15, 2, 2);

-- --------------------------------------------------------

--
-- Table structure for table `users_photo`
--

CREATE TABLE `users_photo` (
  `username` varchar(100) NOT NULL,
  `photo` text,
  `thumbnail` text,
  `updated_on` datetime NOT NULL
) ENGINE=MyISAM DEFAULT CHARSET=latin1;

--
-- Dumping data for table `users_photo`
--

INSERT INTO `users_photo` (`username`, `photo`, `thumbnail`, `updated_on`) VALUES
('administrator', 'ADMINISTRATOR.jpg', 'ADMINISTRATOR_thumb.jpg', '2017-12-08 14:02:41'),
('fikrianisaa', 'no_picture.png', 'no_picture.png', '2019-02-15 10:45:08');

--
-- Indexes for dumped tables
--

--
-- Indexes for table `groups`
--
ALTER TABLE `groups`
  ADD PRIMARY KEY (`id`);

--
-- Indexes for table `invenitri_session`
--
ALTER TABLE `invenitri_session`
  ADD KEY `ci_sessions_timestamp` (`timestamp`);

--
-- Indexes for table `inventaris`
--
ALTER TABLE `inventaris`
  ADD PRIMARY KEY (`id`),
  ADD UNIQUE KEY `jenis_peralatan` (`jenis_peralatan`);

--
-- Indexes for table `inv_categories`
--
ALTER TABLE `inv_categories`
  ADD PRIMARY KEY (`id`);

--
-- Indexes for table `inv_datas`
--
ALTER TABLE `inv_datas`
  ADD PRIMARY KEY (`id`);

--
-- Indexes for table `inv_locations`
--
ALTER TABLE `inv_locations`
  ADD PRIMARY KEY (`id`);

--
-- Indexes for table `inv_log_data_location`
--
ALTER TABLE `inv_log_data_location`
  ADD PRIMARY KEY (`id`);

--
-- Indexes for table `inv_log_data_status`
--
ALTER TABLE `inv_log_data_status`
  ADD PRIMARY KEY (`id`);

--
-- Indexes for table `inv_status`
--
ALTER TABLE `inv_status`
  ADD PRIMARY KEY (`id`);

--
-- Indexes for table `login_attempts`
--
ALTER TABLE `login_attempts`
  ADD PRIMARY KEY (`id`);

--
-- Indexes for table `master_color`
--
ALTER TABLE `master_color`
  ADD PRIMARY KEY (`id`);

--
-- Indexes for table `users`
--
ALTER TABLE `users`
  ADD PRIMARY KEY (`id`);

--
-- Indexes for table `users_groups`
--
ALTER TABLE `users_groups`
  ADD PRIMARY KEY (`id`),
  ADD UNIQUE KEY `uc_users_groups` (`user_id`,`group_id`),
  ADD KEY `fk_users_groups_users1_idx` (`user_id`),
  ADD KEY `fk_users_groups_groups1_idx` (`group_id`);

--
-- Indexes for table `users_photo`
--
ALTER TABLE `users_photo`
  ADD PRIMARY KEY (`username`);

--
-- AUTO_INCREMENT for dumped tables
--

--
-- AUTO_INCREMENT for table `groups`
--
ALTER TABLE `groups`
  MODIFY `id` mediumint(8) UNSIGNED NOT NULL AUTO_INCREMENT, AUTO_INCREMENT=3;

--
-- AUTO_INCREMENT for table `inventaris`
--
ALTER TABLE `inventaris`
  MODIFY `id` int(11) NOT NULL AUTO_INCREMENT, AUTO_INCREMENT=30;

--
-- AUTO_INCREMENT for table `inv_categories`
--
ALTER TABLE `inv_categories`
  MODIFY `id` int(12) UNSIGNED NOT NULL AUTO_INCREMENT, AUTO_INCREMENT=9;

--
-- AUTO_INCREMENT for table `inv_datas`
--
ALTER TABLE `inv_datas`
  MODIFY `id` int(12) UNSIGNED NOT NULL AUTO_INCREMENT, AUTO_INCREMENT=15;

--
-- AUTO_INCREMENT for table `inv_locations`
--
ALTER TABLE `inv_locations`
  MODIFY `id` int(12) UNSIGNED NOT NULL AUTO_INCREMENT, AUTO_INCREMENT=6;

--
-- AUTO_INCREMENT for table `inv_log_data_location`
--
ALTER TABLE `inv_log_data_location`
  MODIFY `id` int(12) UNSIGNED NOT NULL AUTO_INCREMENT, AUTO_INCREMENT=5;

--
-- AUTO_INCREMENT for table `inv_log_data_status`
--
ALTER TABLE `inv_log_data_status`
  MODIFY `id` int(12) UNSIGNED NOT NULL AUTO_INCREMENT, AUTO_INCREMENT=14;

--
-- AUTO_INCREMENT for table `inv_status`
--
ALTER TABLE `inv_status`
  MODIFY `id` int(12) UNSIGNED NOT NULL AUTO_INCREMENT, AUTO_INCREMENT=6;

--
-- AUTO_INCREMENT for table `login_attempts`
--
ALTER TABLE `login_attempts`
  MODIFY `id` int(11) UNSIGNED NOT NULL AUTO_INCREMENT;

--
-- AUTO_INCREMENT for table `master_color`
--
ALTER TABLE `master_color`
  MODIFY `id` tinyint(2) UNSIGNED NOT NULL AUTO_INCREMENT, AUTO_INCREMENT=187;

--
-- AUTO_INCREMENT for table `users`
--
ALTER TABLE `users`
  MODIFY `id` int(11) UNSIGNED NOT NULL AUTO_INCREMENT, AUTO_INCREMENT=3;

--
-- AUTO_INCREMENT for table `users_groups`
--
ALTER TABLE `users_groups`
  MODIFY `id` int(11) UNSIGNED NOT NULL AUTO_INCREMENT, AUTO_INCREMENT=16;

--
-- Constraints for dumped tables
--

--
-- Constraints for table `users_groups`
--
ALTER TABLE `users_groups`
  ADD CONSTRAINT `fk_users_groups_groups1` FOREIGN KEY (`group_id`) REFERENCES `groups` (`id`) ON DELETE CASCADE ON UPDATE NO ACTION,
  ADD CONSTRAINT `fk_users_groups_users1` FOREIGN KEY (`user_id`) REFERENCES `users` (`id`) ON DELETE CASCADE ON UPDATE NO ACTION;
COMMIT;

/*!40101 SET CHARACTER_SET_CLIENT=@OLD_CHARACTER_SET_CLIENT */;
/*!40101 SET CHARACTER_SET_RESULTS=@OLD_CHARACTER_SET_RESULTS */;
/*!40101 SET COLLATION_CONNECTION=@OLD_COLLATION_CONNECTION */;
